{"Binding energy": [1.897, 1.844, 1.773, 1.65, 1.546, 1.455, 1.341, 1.232, 1.138, 1.047, 0.96, 0.849, 0.754, 0.647999999999999, 0.538, 0.446, 0.345, 0.24, 0.151999999999999, 0.0629999999999999, -0.0429999999999999, -0.147, -0.247, -0.347, -0.446999999999999, -0.613, -0.865, -1.112, -1.36, -1.61, -1.86, -2.186, -2.68199999999999, -3.23499999999999, -3.75, -16.603, -17.603, -18.799, -19.761, -20.73, -21.701, -22.676, -23.653, -24.632, -25.613, -26.596, -27.581, -28.567, -29.558, -30.593, -31.66, -32.637, -33.595, -34.562, -35.548, -36.566, -37.602, -38.609, -39.601, -40.601, -41.607, -42.614, -43.597, -44.584, -45.586, -46.616, -47.601, -48.565, -49.604, -50.599, -51.594, -52.605, -53.611, -54.629, -55.621, -56.632, -57.621, -58.608, -59.608, -60.604, -61.133, -62.615, -63.607, -64.613, -65.604, -66.595, -67.592, -68.589, -69.5759999999999, -70.5809999999999, -71.589, -72.5459999999999, -73.5489999999999, -74.568, -75.533, -76.6149999999999, -77.5669999999999, -78.607, -79.613, -80.6259999999999, -81.6079999999999, -82.6019999999999, -83.5929999999999, -84.5939999999999, -85.601, -86.601, -87.598, -89.0699999999999, -91.086, -93.0849999999999, -95.0849999999999, -97.084, -99.084, -101.086, -103.087, -105.088, -107.089, -109.089, -111.09, -113.09, -115.09, -117.091, -119.091, -121.091, -123.092, -125.092, -127.092, -129.092, -131.093, -133.093, -135.093, -137.093, -140.065, -144.067, -148.068, -152.069, -156.07, -160.072, -164.073, -168.074, -172.075, -176.076, -180.076, -184.077, -188.078, -192.079, -196.079, -200.08, -204.08, -208.081, -212.082, -216.082, -220.082, -224.083, -228.083, -232.084, -236.084], "Probability": [9.99999999999999e-08, 0.0006900000000000001, 0.00046, 0.00233, 0.00553, 0.00457, 0.02033, 0.01649, 0.03877, 0.038079999999999996, 0.06809, 0.11214, 0.10112, 0.24406, 0.32337000000000005, 0.40864, 0.68745, 0.66279, 0.51412, 0.6556100000000001, 0.54588, 0.37231000000000003, 0.25473, 0.16959, 0.11369, 0.16946999999999998, 0.10094, 0.05732, 0.02806, 0.013160000000000002, 0.00623, 0.0042, 0.0008, 0.00015, 0.0, 0.0, 0.0, 1.1999999999999999e-05, 0.000113, 0.0006560000000000001, 0.002567, 0.007149, 0.014804, 0.023583, 0.029715, 0.030307, 0.025527, 0.018080000000000002, 0.01107, 0.007377000000000001, 0.010637, 0.019095, 0.022178, 0.016434, 0.009037, 0.004989, 0.003978, 0.004124, 0.004152, 0.0039250000000000005, 0.003457, 0.003186, 0.0027010000000000003, 0.0027129999999999997, 0.002481, 0.002412, 0.001907, 0.001938, 0.0017599999999999998, 0.001575, 0.0015409999999999998, 0.001485, 0.001557, 0.001895, 0.002427, 0.003357, 0.004095, 0.004714, 0.005033999999999999, 0.005152, 0.005442000000000001, 0.005859, 0.006617, 0.0070940000000000005, 0.007404, 0.007164, 0.006563, 0.005620000000000001, 0.004691, 0.00368, 0.003049, 0.00221, 0.001928, 0.0017610000000000002, 0.0015300000000000001, 0.001215, 0.0013900000000000002, 0.001216, 0.0014219999999999999, 0.001384, 0.001368, 0.001316, 0.001153, 0.0010760000000000001, 0.000921, 0.0007570000000000001, 0.000696, 0.0006180000000000001, 0.00054, 0.00048300000000000003, 0.00043200000000000004, 0.000388, 0.00035150000000000003, 0.00031800000000000003, 0.000289, 0.000264, 0.00024150000000000002, 0.000222, 0.0002045, 0.000189, 0.00017500000000000003, 0.00016250000000000002, 0.000151, 0.000141, 0.0001315, 0.000123, 0.000115, 0.00010800000000000001, 0.0001015, 9.549999999999999e-05, 8.999999999999999e-05, 8.45e-05, 7.775e-05, 6.95e-05, 6.25e-05, 5.625e-05, 5.1000000000000006e-05, 4.625e-05, 4.225e-05, 3.85e-05, 3.525e-05, 3.25e-05, 3e-05, 2.775e-05, 2.5750000000000002e-05, 2.375e-05, 2.225e-05, 2.075e-05, 1.925e-05, 1.8e-05, 1.7e-05, 1.6000000000000003e-05, 1.5e-05, 1.4e-05, 1.325e-05, 1.25e-05, 1.1750000000000001e-05]}
