{"A_Intensity": [10000, 434.76, 217.38, 83.28999999999999, 41.65, 29.99, 14.99, 59.97, 29.99, 463.34, 231.67, 207.52, 41.510000000000005, 10.38, 10.38, 671.21, 1.5599999999999998, 1.04, 444.55, 296.06, 0, 0, 109.13, 54.559999999999995, 20.0, 20.0, 10.0], "B_Binding": [0, 19.8, 20.5, 21.7, 22.4, 22.9, 23.6, 23.6, 24.3, 26.1, 26.8, 38.6, 41, 42.5, 43.5, 46.6, 97.7, 99.1, 116, 117, 240, 249, 252, 261, 321, 1835, 1895], "Gamma_Width": [2.7, 2.7, 2.7, 2.7, 2.7, 2.7, 2.7, 2.7, 2.7, 2.7, 2.7, 3.1, 3.1, 3.1, 3.1, 3.1, 2.77, 2.77, 2.77, 2.77, 4.022, 3.93, 4.022, 3.93, 6.2, 3.808, 3.865], "E_b_Scale": [0, 0, 0, 0, 0, 0, 0, 0, 0, 11.2, 11.2, 0, 0, 0, 0, 42.4, 0, 0, 307, 307, 0, 0, 641, 641, 400, 500, 500], "Ecore": 0, "epsilon_shake_spectrum": 0.0001}